{
  "hash": "f454d2c9",
  "configHash": "faeb0c78",
  "lockfileHash": "f134eb87",
  "browserHash": "0f4612e9",
  "optimized": {
    "@angular/common": {
      "src": "../../../../../../node_modules/@angular/common/fesm2022/common.mjs",
      "file": "@angular_common.js",
      "fileHash": "3ee1fd12",
      "needsInterop": false
    },
    "@angular/core": {
      "src": "../../../../../../node_modules/@angular/core/fesm2022/core.mjs",
      "file": "@angular_core.js",
      "fileHash": "d1f867eb",
      "needsInterop": false
    },
    "@angular/platform-browser": {
      "src": "../../../../../../node_modules/@angular/platform-browser/fesm2022/platform-browser.mjs",
      "file": "@angular_platform-browser.js",
      "fileHash": "f2466b64",
      "needsInterop": false
    },
    "@angular/router": {
      "src": "../../../../../../node_modules/@angular/router/fesm2022/router.mjs",
      "file": "@angular_router.js",
      "fileHash": "452c35e1",
      "needsInterop": false
    },
    "@ngrx/store": {
      "src": "../../../../../../node_modules/@ngrx/store/fesm2022/ngrx-store.mjs",
      "file": "@ngrx_store.js",
      "fileHash": "48f74fa3",
      "needsInterop": false
    }
  },
  "chunks": {
    "chunk-JRWVTROY": {
      "file": "chunk-JRWVTROY.js"
    },
    "chunk-DYAOAYOQ": {
      "file": "chunk-DYAOAYOQ.js"
    },
    "chunk-QNKFPROJ": {
      "file": "chunk-QNKFPROJ.js"
    }
  }
}